{"loss": 0.39611235737506045, "tp": 579.0, "fp": 616.0, "tn": 4212.0, "fn": 259.0, "accuracy": 0.8455700874328613, "precision": 0.484518826007843, "recall": 0.6909307837486267, "auc": 0.8651895523071289, "f1": 0.42743730545043945}