{"loss": 2.4544598725562756, "tp": 825.0, "fp": 2884.0, "tn": 1945.0, "fn": 13.0, "accuracy": 0.4887947738170624, "precision": 0.22243192791938782, "recall": 0.9844868779182434, "auc": 0.8465908765792847, "f1": 0.345483660697937}