{"loss": 0.3697129675840099, "tp": 61.0, "fp": 6.0, "tn": 4823.0, "fn": 777.0, "accuracy": 0.8618316650390625, "precision": 0.9104477763175964, "recall": 0.07279236614704132, "auc": 0.8615456223487854, "f1": 0.2567102015018463}