{"loss": 1.073428399171782, "tp": 488.3333333333333, "fp": 1168.6666666666667, "tn": 3660.0, "fn": 349.6666666666667, "accuracy": 0.7320655087629954, "precision": 0.5391328434149424, "recall": 0.5827366759379705, "auc": 0.857775350411733, "f1": 0.3432103892167409}