{"loss": 0.3429422317838058, "tp": 346.0, "fp": 56.0, "tn": 4772.0, "fn": 492.0, "accuracy": 0.9032827615737915, "precision": 0.8606964945793152, "recall": 0.412887841463089, "auc": 0.880914032459259, "f1": 0.49606457352638245}