{"loss": 0.7832154176086688, "tp": 770.0, "fp": 1749.0, "tn": 3080.0, "fn": 68.0, "accuracy": 0.6793717741966248, "precision": 0.3056768476963043, "recall": 0.9188544154167175, "auc": 0.8933520317077637, "f1": 0.4175625145435333}