{"loss": 0.2952975183962009, "tp": 459.0, "fp": 273.0, "tn": 4556.0, "fn": 379.0, "accuracy": 0.8849479556083679, "precision": 0.6270492076873779, "recall": 0.5477327108383179, "auc": 0.8834317326545715, "f1": 0.40966248512268066}