{"loss": 0.47381838926289177, "tp": 525.0, "fp": 692.6666666666666, "tn": 4136.0, "fn": 313.0, "accuracy": 0.8225341637929281, "precision": 0.5978075166543325, "recall": 0.6264916559060415, "auc": 0.8858992656071981, "f1": 0.44109652439753216}