{
  "loss": 0.2290268345092242,
  "tp": 425.0,
  "fp": 53.0,
  "tn": 4776.0,
  "fn": 413.0,
  "accuracy": 0.9177695512771606,
  "precision": 0.8891213536262512,
  "recall": 0.5071598887443542,
  "auc": 0.9229137301445007
}
