{
  "loss": 0.20870953497430522,
  "tp": 550.0,
  "fp": 147.0,
  "tn": 4681.0,
  "fn": 288.0,
  "accuracy": 0.9232262372970581,
  "precision": 0.7890961170196533,
  "recall": 0.656324565410614,
  "auc": 0.9293304681777954
}
