{
  "loss": 0.3707886555583839,
  "tp": 365.0,
  "fp": 47.0,
  "tn": 4782.0,
  "fn": 473.0,
  "accuracy": 0.9082406759262085,
  "precision": 0.8859223127365112,
  "recall": 0.43556085228919983,
  "auc": 0.863730251789093
}
