{
  "loss": 0.2695083416806378,
  "tp": 446.6666666666667,
  "fp": 82.33333333333333,
  "tn": 4746.333333333333,
  "fn": 391.3333333333333,
  "accuracy": 0.9164121548334757,
  "precision": 0.8547132611274719,
  "recall": 0.533015102148056,
  "auc": 0.9053248167037964
}
