{
  "loss": 0.2507847813317148,
  "tp": 571,
  "fp": 321,
  "tn": 4508,
  "fn": 267,
  "accuracy": 0.8962414264678955,
  "precision": 0.6401345133781433,
  "recall": 0.681384265422821,
  "auc": 0.9170077443122864,
  "f1": 0.5116170048713684
}
