{
  "loss": 0.2854233253605891,
  "tp": 684,
  "fp": 510,
  "tn": 4319,
  "fn": 154,
  "accuracy": 0.8828304409980774,
  "precision": 0.572864294052124,
  "recall": 0.8162291049957275,
  "auc": 0.9266431331634521,
  "f1": 0.526002049446106
}
