{
  "loss": 0.3960400360698545,
  "tp": 672,
  "fp": 845,
  "tn": 3983,
  "fn": 166,
  "accuracy": 0.8215672373771667,
  "precision": 0.4429795742034912,
  "recall": 0.801909327507019,
  "auc": 0.8940321803092957,
  "f1": 0.45083698630332947
}
