{"loss": 0.31074938092071946, "tp": 642.3333333333334, "fp": 558.6666666666666, "tn": 4270.0, "fn": 195.66666666666666, "accuracy": 0.8668797016143799, "precision": 0.5519927938779196, "recall": 0.7665075659751892, "auc": 0.9125610192616781, "f1": 0.49615201354026794}