{"loss": 0.34898249161693684, "tp": 78.0, "fp": 7.0, "tn": 4821.0, "fn": 760.0, "accuracy": 0.8646311163902283, "precision": 0.9176470637321472, "recall": 0.09307876229286194, "auc": 0.891204833984375, "f1": 0.26543548703193665}