{"loss": 0.3269346495483873, "tp": 477.0, "fp": 246.0, "tn": 4583.0, "fn": 361.0, "accuracy": 0.8928886651992798, "precision": 0.6597510576248169, "recall": 0.5692124366760254, "auc": 0.8812050223350525, "f1": 0.5075958967208862}