{"loss": 0.2510744236660778, "tp": 492.0, "fp": 213.0, "tn": 4616.0, "fn": 346.0, "accuracy": 0.9013587236404419, "precision": 0.6978723406791687, "recall": 0.5871121883392334, "auc": 0.902238667011261, "f1": 0.5207919478416443}