{
  "loss": 0.308997188277134,
  "tp": 349.0,
  "fp": 155.33333333333334,
  "tn": 4673.333333333333,
  "fn": 489.0,
  "accuracy": 0.88629283507665,
  "precision": 0.7584234873453776,
  "recall": 0.4164677957693736,
  "auc": 0.8915495077768961,
  "f1": 0.4312744438648224
}
