{
  "loss": 0.27520751623916356,
  "tp": 487.0,
  "fp": 180.0,
  "tn": 4649.0,
  "fn": 351.0,
  "accuracy": 0.9062996506690979,
  "precision": 0.730134904384613,
  "recall": 0.5811455845832825,
  "auc": 0.9097557067871094
}
