{
  "loss": 0.2968931178545249,
  "tp": 202.0,
  "fp": 10.0,
  "tn": 4818.0,
  "fn": 636.0,
  "accuracy": 0.8859865665435791,
  "precision": 0.9528301954269409,
  "recall": 0.241050124168396,
  "auc": 0.8955294489860535
}
