{
  "loss": 0.8827673901475274,
  "tp": 244.0,
  "fp": 17.0,
  "tn": 4812.0,
  "fn": 594.0,
  "accuracy": 0.8921828269958496,
  "precision": 0.9348658919334412,
  "recall": 0.2911694645881653,
  "auc": 0.8176556825637817
}
