{"loss": 0.48495600808040523, "tp": 311.0, "fp": 69.0, "tn": 4759.666666666667, "fn": 527.0, "accuracy": 0.8948230147361755, "precision": 0.872610330581665, "recall": 0.37112172444661456, "auc": 0.8743136127789816}