{"loss": 0.29648086977836585, "tp": 648.0, "fp": 506.0, "tn": 4322.0, "fn": 190.0, "accuracy": 0.8771620392799377, "precision": 0.5615251064300537, "recall": 0.7732697129249573, "auc": 0.9142478108406067, "f1": 0.5165466666221619}