{"loss": 0.3005665248851202, "tp": 631.0, "fp": 510.0, "tn": 4319.0, "fn": 207.0, "accuracy": 0.8734780550003052, "precision": 0.553023636341095, "recall": 0.7529832720756531, "auc": 0.9183316826820374, "f1": 0.475114643573761}