{"loss": 0.34094400958438936, "tp": 601.0, "fp": 544.0, "tn": 4285.0, "fn": 237.0, "accuracy": 0.8621845841407776, "precision": 0.5248908400535583, "recall": 0.7171837687492371, "auc": 0.8970338702201843, "f1": 0.4741716682910919}