{"loss": 0.31266380141595845, "tp": 626.6666666666666, "fp": 520.0, "tn": 4308.666666666667, "fn": 211.33333333333334, "accuracy": 0.8709415594736735, "precision": 0.546479860941569, "recall": 0.7478122512499491, "auc": 0.9098711212476095, "f1": 0.48861099282900494}