{
  "loss": 0.3269280317624515,
  "tp": 604.0,
  "fp": 513.0,
  "tn": 4316.0,
  "fn": 234.0,
  "accuracy": 0.8681842088699341,
  "precision": 0.5407341122627258,
  "recall": 0.7207637429237366,
  "auc": 0.9097399711608887,
  "f1": 0.5588550567626953
}
