{
  "loss": 0.2599714847706562,
  "tp": 517.0,
  "fp": 155.0,
  "tn": 4674.0,
  "fn": 321.0,
  "accuracy": 0.9160049557685852,
  "precision": 0.769345223903656,
  "recall": 0.6169450879096985,
  "auc": 0.9172229766845703,
  "f1": 0.6156228184700012
}
