{
  "loss": 0.2826146432821548,
  "tp": 420.0,
  "fp": 91.0,
  "tn": 4737.0,
  "fn": 418.0,
  "accuracy": 0.9101659059524536,
  "precision": 0.8219178318977356,
  "recall": 0.5011933445930481,
  "auc": 0.8945655226707458,
  "f1": 0.5499654412269592
}
