{
  "loss": 0.28983805327175416,
  "tp": 513.6666666666666,
  "fp": 253.0,
  "tn": 4575.666666666667,
  "fn": 324.3333333333333,
  "accuracy": 0.8981183568636576,
  "precision": 0.7106657226880392,
  "recall": 0.6129673918088278,
  "auc": 0.907176156838735,
  "f1": 0.5748144388198853
}
